savefrom,2024-09-26 19:04:14
savefrom,2024-09-26 19:12:50
savefrom,2024-09-26 19:12:52
savefrom,2024-09-26 19:12:54
savefrom,2024-09-26 19:12:55
savefrom,2024-09-26 19:12:56
savefrom,2024-09-26 19:12:58
savefrom,2024-09-26 19:12:59
savefrom,2024-09-26 19:13:00
savefrom,2024-09-26 19:13:01
savefrom,2024-09-26 19:13:02
savefrom,2024-09-26 19:13:04
savefrom,2024-09-26 19:13:06
savefrom,2024-09-26 19:13:07
savefrom,2024-09-26 19:13:09
savefrom,2024-09-26 19:13:10
"At first, I was really impressed with this knife. It was sharp and handled well, but after just a couple of weeks, the blade started to dull quickly. Even worse, the handle feels cheap and started to crack after washing it a few times. For the price, I expected better durability and performance. If you’re looking for a long-lasting knife, you might want to consider other options.",2024-09-26 20:28:28
"At first, I was really impressed with this knife. It was sharp and handled well, but after just a couple of weeks, the blade started to dull quickly. Even worse, the handle feels cheap and started to crack after washing it a few times. For the price, I expected better durability and performance.",2024-09-26 20:28:37
"At first, I was really impressed with this knife. It was sharp and handled well, but after just a couple of weeks, the blade started to dull quickly. Even worse, the handle feels cheap and started to crack after washing it a few times.",2024-09-26 20:28:41
